code,ts_code,name,source,effective_date,fetched_at
000001,000001.SZ,平安银行,tushare_index_weight_000300.SH_20260630,20260630,2026-07-28T19:40:14+08:00
000002,000002.SZ,万科A,tushare_index_weight_000300.SH_20260630,20260630,2026-07-28T19:40:14+08:00
000063,000063.SZ,中兴通讯,tushare_index_weight_000300.SH_20260630,20260630,2026-07-28T19:40:14+08:00
000100,000100.SZ,TCL科技,tushare_index_weight_000300.SH_20260630,20260630,2026-07-28T19:40:14+08:00
000157,000157.SZ,中联重科,tushare_index_weight_000300.SH_20260630,20260630,2026-07-28T19:40:14+08:00
000166,000166.SZ,申万宏源,tushare_index_weight_000300.SH_20260630,20260630,2026-07-28T19:40:14+08:00
000301,000301.SZ,东方盛虹,tushare_index_weight_000300.SH_20260630,20260630,2026-07-28T19:40:14+08:00
000333,000333.SZ,美的集团,tushare_index_weight_000300.SH_20260630,20260630,2026-07-28T19:40:14+08:00
000338,000338.SZ,潍柴动力,tushare_index_weight_000300.SH_20260630,20260630,2026-07-28T19:40:14+08:00
000408,000408.SZ,藏格矿业,tushare_index_weight_000300.SH_20260630,20260630,2026-07-28T19:40:14+08:00
000425,000425.SZ,徐工机械,tushare_index_weight_000300.SH_20260630,20260630,2026-07-28T19:40:14+08:00
000538,000538.SZ,云南白药,tushare_index_weight_000300.SH_20260630,20260630,2026-07-28T19:40:14+08:00
000568,000568.SZ,泸州老窖,tushare_index_weight_000300.SH_20260630,20260630,2026-07-28T19:40:14+08:00
000596,000596.SZ,古井贡酒,tushare_index_weight_000300.SH_20260630,20260630,2026-07-28T19:40:14+08:00
000617,000617.SZ,中油资本,tushare_index_weight_000300.SH_20260630,20260630,2026-07-28T19:40:14+08:00
000625,000625.SZ,长安汽车,tushare_index_weight_000300.SH_20260630,20260630,2026-07-28T19:40:14+08:00
000630,000630.SZ,铜陵有色,tushare_index_weight_000300.SH_20260630,20260630,2026-07-28T19:40:14+08:00
000651,000651.SZ,格力电器,tushare_index_weight_000300.SH_20260630,20260630,2026-07-28T19:40:14+08:00
000657,000657.SZ,中钨高新,tushare_index_weight_000300.SH_20260630,20260630,2026-07-28T19:40:14+08:00
000708,000708.SZ,中信特钢,tushare_index_weight_000300.SH_20260630,20260630,2026-07-28T19:40:14+08:00
000725,000725.SZ,京东方A,tushare_index_weight_000300.SH_20260630,20260630,2026-07-28T19:40:14+08:00
000768,000768.SZ,中航西飞,tushare_index_weight_000300.SH_20260630,20260630,2026-07-28T19:40:14+08:00
000776,000776.SZ,广发证券,tushare_index_weight_000300.SH_20260630,20260630,2026-07-28T19:40:14+08:00
000792,000792.SZ,盐湖股份,tushare_index_weight_000300.SH_20260630,20260630,2026-07-28T19:40:14+08:00
000807,000807.SZ,云铝股份,tushare_index_weight_000300.SH_20260630,20260630,2026-07-28T19:40:14+08:00
000858,000858.SZ,五粮液,tushare_index_weight_000300.SH_20260630,20260630,2026-07-28T19:40:14+08:00
000895,000895.SZ,双汇发展,tushare_index_weight_000300.SH_20260630,20260630,2026-07-28T19:40:14+08:00
000938,000938.SZ,紫光股份,tushare_index_weight_000300.SH_20260630,20260630,2026-07-28T19:40:14+08:00
000963,000963.SZ,华东医药,tushare_index_weight_000300.SH_20260630,20260630,2026-07-28T19:40:14+08:00
000975,000975.SZ,山金国际,tushare_index_weight_000300.SH_20260630,20260630,2026-07-28T19:40:14+08:00
000977,000977.SZ,浪潮信息,tushare_index_weight_000300.SH_20260630,20260630,2026-07-28T19:40:14+08:00
000988,000988.SZ,华工科技,tushare_index_weight_000300.SH_20260630,20260630,2026-07-28T19:40:14+08:00
000999,000999.SZ,华润三九,tushare_index_weight_000300.SH_20260630,20260630,2026-07-28T19:40:14+08:00
001280,001280.SZ,中国铀业,tushare_index_weight_000300.SH_20260630,20260630,2026-07-28T19:40:14+08:00
001391,001391.SZ,国货航,tushare_index_weight_000300.SH_20260630,20260630,2026-07-28T19:40:14+08:00
001965,001965.SZ,招商公路,tushare_index_weight_000300.SH_20260630,20260630,2026-07-28T19:40:14+08:00
001979,001979.SZ,招商蛇口,tushare_index_weight_000300.SH_20260630,20260630,2026-07-28T19:40:14+08:00
002001,002001.SZ,新和成,tushare_index_weight_000300.SH_20260630,20260630,2026-07-28T19:40:14+08:00
002027,002027.SZ,分众传媒,tushare_index_weight_000300.SH_20260630,20260630,2026-07-28T19:40:14+08:00
002028,002028.SZ,思源电气,tushare_index_weight_000300.SH_20260630,20260630,2026-07-28T19:40:14+08:00
002049,002049.SZ,紫光国微,tushare_index_weight_000300.SH_20260630,20260630,2026-07-28T19:40:14+08:00
002050,002050.SZ,三花智控,tushare_index_weight_000300.SH_20260630,20260630,2026-07-28T19:40:14+08:00
002074,002074.SZ,国轩高科,tushare_index_weight_000300.SH_20260630,20260630,2026-07-28T19:40:14+08:00
002142,002142.SZ,宁波银行,tushare_index_weight_000300.SH_20260630,20260630,2026-07-28T19:40:14+08:00
002179,002179.SZ,中航光电,tushare_index_weight_000300.SH_20260630,20260630,2026-07-28T19:40:14+08:00
002202,002202.SZ,金风科技,tushare_index_weight_000300.SH_20260630,20260630,2026-07-28T19:40:14+08:00
002230,002230.SZ,科大讯飞,tushare_index_weight_000300.SH_20260630,20260630,2026-07-28T19:40:14+08:00
002236,002236.SZ,大华股份,tushare_index_weight_000300.SH_20260630,20260630,2026-07-28T19:40:14+08:00
002241,002241.SZ,歌尔股份,tushare_index_weight_000300.SH_20260630,20260630,2026-07-28T19:40:14+08:00
002304,002304.SZ,洋河股份,tushare_index_weight_000300.SH_20260630,20260630,2026-07-28T19:40:14+08:00
002311,002311.SZ,海大集团,tushare_index_weight_000300.SH_20260630,20260630,2026-07-28T19:40:14+08:00
002352,002352.SZ,顺丰控股,tushare_index_weight_000300.SH_20260630,20260630,2026-07-28T19:40:14+08:00
002353,002353.SZ,杰瑞股份,tushare_index_weight_000300.SH_20260630,20260630,2026-07-28T19:40:14+08:00
002371,002371.SZ,北方华创,tushare_index_weight_000300.SH_20260630,20260630,2026-07-28T19:40:14+08:00
002384,002384.SZ,东山精密,tushare_index_weight_000300.SH_20260630,20260630,2026-07-28T19:40:14+08:00
002415,002415.SZ,海康威视,tushare_index_weight_000300.SH_20260630,20260630,2026-07-28T19:40:14+08:00
002422,002422.SZ,科伦药业,tushare_index_weight_000300.SH_20260630,20260630,2026-07-28T19:40:14+08:00
002460,002460.SZ,赣锋锂业,tushare_index_weight_000300.SH_20260630,20260630,2026-07-28T19:40:14+08:00
002463,002463.SZ,沪电股份,tushare_index_weight_000300.SH_20260630,20260630,2026-07-28T19:40:14+08:00
002466,002466.SZ,天齐锂业,tushare_index_weight_000300.SH_20260630,20260630,2026-07-28T19:40:14+08:00
002475,002475.SZ,立讯精密,tushare_index_weight_000300.SH_20260630,20260630,2026-07-28T19:40:14+08:00
002493,002493.SZ,荣盛石化,tushare_index_weight_000300.SH_20260630,20260630,2026-07-28T19:40:14+08:00
002532,002532.SZ,天山铝业,tushare_index_weight_000300.SH_20260630,20260630,2026-07-28T19:40:14+08:00
002558,002558.SZ,巨人网络,tushare_index_weight_000300.SH_20260630,20260630,2026-07-28T19:40:14+08:00
002594,002594.SZ,比亚迪,tushare_index_weight_000300.SH_20260630,20260630,2026-07-28T19:40:14+08:00
002600,002600.SZ,领益智造,tushare_index_weight_000300.SH_20260630,20260630,2026-07-28T19:40:14+08:00
002602,002602.SZ,世纪华通,tushare_index_weight_000300.SH_20260630,20260630,2026-07-28T19:40:14+08:00
002625,002625.SZ,光启技术,tushare_index_weight_000300.SH_20260630,20260630,2026-07-28T19:40:14+08:00
002648,002648.SZ,卫星化学,tushare_index_weight_000300.SH_20260630,20260630,2026-07-28T19:40:14+08:00
002709,002709.SZ,天赐材料,tushare_index_weight_000300.SH_20260630,20260630,2026-07-28T19:40:14+08:00
002714,002714.SZ,牧原股份,tushare_index_weight_000300.SH_20260630,20260630,2026-07-28T19:40:14+08:00
002736,002736.SZ,国信证券,tushare_index_weight_000300.SH_20260630,20260630,2026-07-28T19:40:14+08:00
002837,002837.SZ,英维克,tushare_index_weight_000300.SH_20260630,20260630,2026-07-28T19:40:14+08:00
002916,002916.SZ,深南电路,tushare_index_weight_000300.SH_20260630,20260630,2026-07-28T19:40:14+08:00
002920,002920.SZ,德赛西威,tushare_index_weight_000300.SH_20260630,20260630,2026-07-28T19:40:14+08:00
002938,002938.SZ,鹏鼎控股,tushare_index_weight_000300.SH_20260630,20260630,2026-07-28T19:40:14+08:00
003816,003816.SZ,中国广核,tushare_index_weight_000300.SH_20260630,20260630,2026-07-28T19:40:14+08:00
300014,300014.SZ,亿纬锂能,tushare_index_weight_000300.SH_20260630,20260630,2026-07-28T19:40:14+08:00
300015,300015.SZ,爱尔眼科,tushare_index_weight_000300.SH_20260630,20260630,2026-07-28T19:40:14+08:00
300033,300033.SZ,同花顺,tushare_index_weight_000300.SH_20260630,20260630,2026-07-28T19:40:14+08:00
300059,300059.SZ,东方财富,tushare_index_weight_000300.SH_20260630,20260630,2026-07-28T19:40:14+08:00
300122,300122.SZ,智飞生物,tushare_index_weight_000300.SH_20260630,20260630,2026-07-28T19:40:14+08:00
300124,300124.SZ,汇川技术,tushare_index_weight_000300.SH_20260630,20260630,2026-07-28T19:40:14+08:00
300251,300251.SZ,光线传媒,tushare_index_weight_000300.SH_20260630,20260630,2026-07-28T19:40:14+08:00
300274,300274.SZ,阳光电源,tushare_index_weight_000300.SH_20260630,20260630,2026-07-28T19:40:14+08:00
300308,300308.SZ,中际旭创,tushare_index_weight_000300.SH_20260630,20260630,2026-07-28T19:40:14+08:00
300316,300316.SZ,晶盛机电,tushare_index_weight_000300.SH_20260630,20260630,2026-07-28T19:40:14+08:00
300394,300394.SZ,天孚通信,tushare_index_weight_000300.SH_20260630,20260630,2026-07-28T19:40:14+08:00
300408,300408.SZ,三环集团,tushare_index_weight_000300.SH_20260630,20260630,2026-07-28T19:40:14+08:00
300413,300413.SZ,芒果超媒,tushare_index_weight_000300.SH_20260630,20260630,2026-07-28T19:40:14+08:00
300418,300418.SZ,昆仑万维,tushare_index_weight_000300.SH_20260630,20260630,2026-07-28T19:40:14+08:00
300433,300433.SZ,蓝思科技,tushare_index_weight_000300.SH_20260630,20260630,2026-07-28T19:40:14+08:00
300442,300442.SZ,润泽科技,tushare_index_weight_000300.SH_20260630,20260630,2026-07-28T19:40:14+08:00
300450,300450.SZ,先导智能,tushare_index_weight_000300.SH_20260630,20260630,2026-07-28T19:40:14+08:00
300476,300476.SZ,胜宏科技,tushare_index_weight_000300.SH_20260630,20260630,2026-07-28T19:40:14+08:00
300498,300498.SZ,温氏股份,tushare_index_weight_000300.SH_20260630,20260630,2026-07-28T19:40:14+08:00
300502,300502.SZ,新易盛,tushare_index_weight_000300.SH_20260630,20260630,2026-07-28T19:40:14+08:00
300628,300628.SZ,亿联网络,tushare_index_weight_000300.SH_20260630,20260630,2026-07-28T19:40:14+08:00
300661,300661.SZ,圣邦股份,tushare_index_weight_000300.SH_20260630,20260630,2026-07-28T19:40:14+08:00
300750,300750.SZ,宁德时代,tushare_index_weight_000300.SH_20260630,20260630,2026-07-28T19:40:14+08:00
300760,300760.SZ,迈瑞医疗,tushare_index_weight_000300.SH_20260630,20260630,2026-07-28T19:40:14+08:00
300803,300803.SZ,指南针,tushare_index_weight_000300.SH_20260630,20260630,2026-07-28T19:40:14+08:00
300832,300832.SZ,新产业,tushare_index_weight_000300.SH_20260630,20260630,2026-07-28T19:40:14+08:00
300866,300866.SZ,安克创新,tushare_index_weight_000300.SH_20260630,20260630,2026-07-28T19:40:14+08:00
300896,300896.SZ,爱美客,tushare_index_weight_000300.SH_20260630,20260630,2026-07-28T19:40:14+08:00
300999,300999.SZ,金龙鱼,tushare_index_weight_000300.SH_20260630,20260630,2026-07-28T19:40:14+08:00
301165,301165.SZ,锐捷网络,tushare_index_weight_000300.SH_20260630,20260630,2026-07-28T19:40:14+08:00
301236,301236.SZ,软通动力,tushare_index_weight_000300.SH_20260630,20260630,2026-07-28T19:40:14+08:00
301269,301269.SZ,华大九天,tushare_index_weight_000300.SH_20260630,20260630,2026-07-28T19:40:14+08:00
301308,301308.SZ,江波龙,tushare_index_weight_000300.SH_20260630,20260630,2026-07-28T19:40:14+08:00
302132,302132.SZ,中航成飞,tushare_index_weight_000300.SH_20260630,20260630,2026-07-28T19:40:14+08:00
600000,600000.SH,浦发银行,tushare_index_weight_000300.SH_20260630,20260630,2026-07-28T19:40:14+08:00
600009,600009.SH,上海机场,tushare_index_weight_000300.SH_20260630,20260630,2026-07-28T19:40:14+08:00
600010,600010.SH,包钢股份,tushare_index_weight_000300.SH_20260630,20260630,2026-07-28T19:40:14+08:00
600011,600011.SH,华能国际,tushare_index_weight_000300.SH_20260630,20260630,2026-07-28T19:40:14+08:00
600015,600015.SH,华夏银行,tushare_index_weight_000300.SH_20260630,20260630,2026-07-28T19:40:14+08:00
600016,600016.SH,民生银行,tushare_index_weight_000300.SH_20260630,20260630,2026-07-28T19:40:14+08:00
600018,600018.SH,上港集团,tushare_index_weight_000300.SH_20260630,20260630,2026-07-28T19:40:14+08:00
600019,600019.SH,宝钢股份,tushare_index_weight_000300.SH_20260630,20260630,2026-07-28T19:40:14+08:00
600023,600023.SH,浙能电力,tushare_index_weight_000300.SH_20260630,20260630,2026-07-28T19:40:14+08:00
600025,600025.SH,华能水电,tushare_index_weight_000300.SH_20260630,20260630,2026-07-28T19:40:14+08:00
600026,600026.SH,中远海能,tushare_index_weight_000300.SH_20260630,20260630,2026-07-28T19:40:14+08:00
600027,600027.SH,华电国际,tushare_index_weight_000300.SH_20260630,20260630,2026-07-28T19:40:14+08:00
600028,600028.SH,中国石化,tushare_index_weight_000300.SH_20260630,20260630,2026-07-28T19:40:14+08:00
600029,600029.SH,南方航空,tushare_index_weight_000300.SH_20260630,20260630,2026-07-28T19:40:14+08:00
600030,600030.SH,中信证券,tushare_index_weight_000300.SH_20260630,20260630,2026-07-28T19:40:14+08:00
600031,600031.SH,三一重工,tushare_index_weight_000300.SH_20260630,20260630,2026-07-28T19:40:14+08:00
600036,600036.SH,招商银行,tushare_index_weight_000300.SH_20260630,20260630,2026-07-28T19:40:14+08:00
600039,600039.SH,四川路桥,tushare_index_weight_000300.SH_20260630,20260630,2026-07-28T19:40:14+08:00
600048,600048.SH,保利发展,tushare_index_weight_000300.SH_20260630,20260630,2026-07-28T19:40:14+08:00
600050,600050.SH,中国联通,tushare_index_weight_000300.SH_20260630,20260630,2026-07-28T19:40:14+08:00
600061,600061.SH,国投资本,tushare_index_weight_000300.SH_20260630,20260630,2026-07-28T19:40:14+08:00
600066,600066.SH,宇通客车,tushare_index_weight_000300.SH_20260630,20260630,2026-07-28T19:40:14+08:00
600085,600085.SH,同仁堂,tushare_index_weight_000300.SH_20260630,20260630,2026-07-28T19:40:14+08:00
600089,600089.SH,特变电工,tushare_index_weight_000300.SH_20260630,20260630,2026-07-28T19:40:14+08:00
600104,600104.SH,上汽集团,tushare_index_weight_000300.SH_20260630,20260630,2026-07-28T19:40:14+08:00
600111,600111.SH,北方稀土,tushare_index_weight_000300.SH_20260630,20260630,2026-07-28T19:40:14+08:00
600115,600115.SH,中国东航,tushare_index_weight_000300.SH_20260630,20260630,2026-07-28T19:40:14+08:00
600118,600118.SH,中国卫星,tushare_index_weight_000300.SH_20260630,20260630,2026-07-28T19:40:14+08:00
600150,600150.SH,中国船舶,tushare_index_weight_000300.SH_20260630,20260630,2026-07-28T19:40:14+08:00
600160,600160.SH,巨化股份,tushare_index_weight_000300.SH_20260630,20260630,2026-07-28T19:40:14+08:00
600176,600176.SH,中国巨石,tushare_index_weight_000300.SH_20260630,20260630,2026-07-28T19:40:14+08:00
600183,600183.SH,生益科技,tushare_index_weight_000300.SH_20260630,20260630,2026-07-28T19:40:14+08:00
600188,600188.SH,兖矿能源,tushare_index_weight_000300.SH_20260630,20260630,2026-07-28T19:40:14+08:00
600196,600196.SH,复星医药,tushare_index_weight_000300.SH_20260630,20260630,2026-07-28T19:40:14+08:00
600219,600219.SH,南山铝业,tushare_index_weight_000300.SH_20260630,20260630,2026-07-28T19:40:14+08:00
600221,600221.SH,海航控股,tushare_index_weight_000300.SH_20260630,20260630,2026-07-28T19:40:14+08:00
600233,600233.SH,圆通速递,tushare_index_weight_000300.SH_20260630,20260630,2026-07-28T19:40:14+08:00
600276,600276.SH,恒瑞医药,tushare_index_weight_000300.SH_20260630,20260630,2026-07-28T19:40:14+08:00
600309,600309.SH,万华化学,tushare_index_weight_000300.SH_20260630,20260630,2026-07-28T19:40:14+08:00
600346,600346.SH,恒力石化,tushare_index_weight_000300.SH_20260630,20260630,2026-07-28T19:40:14+08:00
600362,600362.SH,江西铜业,tushare_index_weight_000300.SH_20260630,20260630,2026-07-28T19:40:14+08:00
600372,600372.SH,中航机载,tushare_index_weight_000300.SH_20260630,20260630,2026-07-28T19:40:14+08:00
600406,600406.SH,国电南瑞,tushare_index_weight_000300.SH_20260630,20260630,2026-07-28T19:40:14+08:00
600415,600415.SH,小商品城,tushare_index_weight_000300.SH_20260630,20260630,2026-07-28T19:40:14+08:00
600426,600426.SH,华鲁恒升,tushare_index_weight_000300.SH_20260630,20260630,2026-07-28T19:40:14+08:00
600436,600436.SH,片仔癀,tushare_index_weight_000300.SH_20260630,20260630,2026-07-28T19:40:14+08:00
600438,600438.SH,通威股份,tushare_index_weight_000300.SH_20260630,20260630,2026-07-28T19:40:14+08:00
600460,600460.SH,士兰微,tushare_index_weight_000300.SH_20260630,20260630,2026-07-28T19:40:14+08:00
600482,600482.SH,中国动力,tushare_index_weight_000300.SH_20260630,20260630,2026-07-28T19:40:14+08:00
600489,600489.SH,中金黄金,tushare_index_weight_000300.SH_20260630,20260630,2026-07-28T19:40:14+08:00
600515,600515.SH,海南机场,tushare_index_weight_000300.SH_20260630,20260630,2026-07-28T19:40:14+08:00
600519,600519.SH,贵州茅台,tushare_index_weight_000300.SH_20260630,20260630,2026-07-28T19:40:14+08:00
600522,600522.SH,中天科技,tushare_index_weight_000300.SH_20260630,20260630,2026-07-28T19:40:14+08:00
600547,600547.SH,山东黄金,tushare_index_weight_000300.SH_20260630,20260630,2026-07-28T19:40:14+08:00
600549,600549.SH,厦门钨业,tushare_index_weight_000300.SH_20260630,20260630,2026-07-28T19:40:14+08:00
600570,600570.SH,恒生电子,tushare_index_weight_000300.SH_20260630,20260630,2026-07-28T19:40:14+08:00
600584,600584.SH,长电科技,tushare_index_weight_000300.SH_20260630,20260630,2026-07-28T19:40:14+08:00
600585,600585.SH,海螺水泥,tushare_index_weight_000300.SH_20260630,20260630,2026-07-28T19:40:14+08:00
600588,600588.SH,用友网络,tushare_index_weight_000300.SH_20260630,20260630,2026-07-28T19:40:14+08:00
600600,600600.SH,青岛啤酒,tushare_index_weight_000300.SH_20260630,20260630,2026-07-28T19:40:14+08:00
600660,600660.SH,福耀玻璃,tushare_index_weight_000300.SH_20260630,20260630,2026-07-28T19:40:14+08:00
600674,600674.SH,川投能源,tushare_index_weight_000300.SH_20260630,20260630,2026-07-28T19:40:14+08:00
600690,600690.SH,海尔智家,tushare_index_weight_000300.SH_20260630,20260630,2026-07-28T19:40:14+08:00
600741,600741.SH,华域汽车,tushare_index_weight_000300.SH_20260630,20260630,2026-07-28T19:40:14+08:00
600760,600760.SH,中航沈飞,tushare_index_weight_000300.SH_20260630,20260630,2026-07-28T19:40:14+08:00
600795,600795.SH,国电电力,tushare_index_weight_000300.SH_20260630,20260630,2026-07-28T19:40:14+08:00
600803,600803.SH,新奥股份,tushare_index_weight_000300.SH_20260630,20260630,2026-07-28T19:40:14+08:00
600809,600809.SH,山西汾酒,tushare_index_weight_000300.SH_20260630,20260630,2026-07-28T19:40:14+08:00
600845,600845.SH,宝信软件,tushare_index_weight_000300.SH_20260630,20260630,2026-07-28T19:40:14+08:00
600875,600875.SH,东方电气,tushare_index_weight_000300.SH_20260630,20260630,2026-07-28T19:40:14+08:00
600886,600886.SH,国投电力,tushare_index_weight_000300.SH_20260630,20260630,2026-07-28T19:40:14+08:00
600887,600887.SH,伊利股份,tushare_index_weight_000300.SH_20260630,20260630,2026-07-28T19:40:14+08:00
600893,600893.SH,航发动力,tushare_index_weight_000300.SH_20260630,20260630,2026-07-28T19:40:14+08:00
600900,600900.SH,长江电力,tushare_index_weight_000300.SH_20260630,20260630,2026-07-28T19:40:14+08:00
600905,600905.SH,三峡能源,tushare_index_weight_000300.SH_20260630,20260630,2026-07-28T19:40:14+08:00
600918,600918.SH,中泰证券,tushare_index_weight_000300.SH_20260630,20260630,2026-07-28T19:40:14+08:00
600919,600919.SH,江苏银行,tushare_index_weight_000300.SH_20260630,20260630,2026-07-28T19:40:14+08:00
600926,600926.SH,杭州银行,tushare_index_weight_000300.SH_20260630,20260630,2026-07-28T19:40:14+08:00
600930,600930.SH,华电新能,tushare_index_weight_000300.SH_20260630,20260630,2026-07-28T19:40:14+08:00
600938,600938.SH,中国海油,tushare_index_weight_000300.SH_20260630,20260630,2026-07-28T19:40:14+08:00
600941,600941.SH,中国移动,tushare_index_weight_000300.SH_20260630,20260630,2026-07-28T19:40:14+08:00
600958,600958.SH,东方证券,tushare_index_weight_000300.SH_20260630,20260630,2026-07-28T19:40:14+08:00
600989,600989.SH,宝丰能源,tushare_index_weight_000300.SH_20260630,20260630,2026-07-28T19:40:14+08:00
600999,600999.SH,招商证券,tushare_index_weight_000300.SH_20260630,20260630,2026-07-28T19:40:14+08:00
601006,601006.SH,大秦铁路,tushare_index_weight_000300.SH_20260630,20260630,2026-07-28T19:40:14+08:00
601009,601009.SH,南京银行,tushare_index_weight_000300.SH_20260630,20260630,2026-07-28T19:40:14+08:00
601012,601012.SH,隆基绿能,tushare_index_weight_000300.SH_20260630,20260630,2026-07-28T19:40:14+08:00
601018,601018.SH,宁波港,tushare_index_weight_000300.SH_20260630,20260630,2026-07-28T19:40:14+08:00
601021,601021.SH,春秋航空,tushare_index_weight_000300.SH_20260630,20260630,2026-07-28T19:40:14+08:00
601058,601058.SH,赛轮轮胎,tushare_index_weight_000300.SH_20260630,20260630,2026-07-28T19:40:14+08:00
601059,601059.SH,信达证券,tushare_index_weight_000300.SH_20260630,20260630,2026-07-28T19:40:14+08:00
601066,601066.SH,中信建投,tushare_index_weight_000300.SH_20260630,20260630,2026-07-28T19:40:14+08:00
601077,601077.SH,渝农商行,tushare_index_weight_000300.SH_20260630,20260630,2026-07-28T19:40:14+08:00
601088,601088.SH,中国神华,tushare_index_weight_000300.SH_20260630,20260630,2026-07-28T19:40:14+08:00
601100,601100.SH,恒立液压,tushare_index_weight_000300.SH_20260630,20260630,2026-07-28T19:40:14+08:00
601111,601111.SH,中国国航,tushare_index_weight_000300.SH_20260630,20260630,2026-07-28T19:40:14+08:00
601117,601117.SH,中国化学,tushare_index_weight_000300.SH_20260630,20260630,2026-07-28T19:40:14+08:00
601127,601127.SH,赛力斯,tushare_index_weight_000300.SH_20260630,20260630,2026-07-28T19:40:14+08:00
601136,601136.SH,首创证券,tushare_index_weight_000300.SH_20260630,20260630,2026-07-28T19:40:14+08:00
601138,601138.SH,工业富联,tushare_index_weight_000300.SH_20260630,20260630,2026-07-28T19:40:14+08:00
601166,601166.SH,兴业银行,tushare_index_weight_000300.SH_20260630,20260630,2026-07-28T19:40:14+08:00
601169,601169.SH,北京银行,tushare_index_weight_000300.SH_20260630,20260630,2026-07-28T19:40:14+08:00
601186,601186.SH,中国铁建,tushare_index_weight_000300.SH_20260630,20260630,2026-07-28T19:40:14+08:00
601211,601211.SH,国泰海通,tushare_index_weight_000300.SH_20260630,20260630,2026-07-28T19:40:14+08:00
601225,601225.SH,陕西煤业,tushare_index_weight_000300.SH_20260630,20260630,2026-07-28T19:40:14+08:00
601229,601229.SH,上海银行,tushare_index_weight_000300.SH_20260630,20260630,2026-07-28T19:40:14+08:00
601238,601238.SH,广汽集团,tushare_index_weight_000300.SH_20260630,20260630,2026-07-28T19:40:14+08:00
601288,601288.SH,农业银行,tushare_index_weight_000300.SH_20260630,20260630,2026-07-28T19:40:14+08:00
601318,601318.SH,中国平安,tushare_index_weight_000300.SH_20260630,20260630,2026-07-28T19:40:14+08:00
601319,601319.SH,中国人保,tushare_index_weight_000300.SH_20260630,20260630,2026-07-28T19:40:14+08:00
601328,601328.SH,交通银行,tushare_index_weight_000300.SH_20260630,20260630,2026-07-28T19:40:14+08:00
601336,601336.SH,新华保险,tushare_index_weight_000300.SH_20260630,20260630,2026-07-28T19:40:14+08:00
601360,601360.SH,三六零,tushare_index_weight_000300.SH_20260630,20260630,2026-07-28T19:40:14+08:00
601377,601377.SH,兴业证券,tushare_index_weight_000300.SH_20260630,20260630,2026-07-28T19:40:14+08:00
601390,601390.SH,中国中铁,tushare_index_weight_000300.SH_20260630,20260630,2026-07-28T19:40:14+08:00
601398,601398.SH,工商银行,tushare_index_weight_000300.SH_20260630,20260630,2026-07-28T19:40:14+08:00
601456,601456.SH,国联民生,tushare_index_weight_000300.SH_20260630,20260630,2026-07-28T19:40:14+08:00
601600,601600.SH,中国铝业,tushare_index_weight_000300.SH_20260630,20260630,2026-07-28T19:40:14+08:00
601601,601601.SH,中国太保,tushare_index_weight_000300.SH_20260630,20260630,2026-07-28T19:40:14+08:00
601607,601607.SH,上海医药,tushare_index_weight_000300.SH_20260630,20260630,2026-07-28T19:40:14+08:00
601618,601618.SH,中国中冶,tushare_index_weight_000300.SH_20260630,20260630,2026-07-28T19:40:14+08:00
601628,601628.SH,中国人寿,tushare_index_weight_000300.SH_20260630,20260630,2026-07-28T19:40:14+08:00
601633,601633.SH,长城汽车,tushare_index_weight_000300.SH_20260630,20260630,2026-07-28T19:40:14+08:00
601658,601658.SH,邮储银行,tushare_index_weight_000300.SH_20260630,20260630,2026-07-28T19:40:14+08:00
601668,601668.SH,中国建筑,tushare_index_weight_000300.SH_20260630,20260630,2026-07-28T19:40:14+08:00
601669,601669.SH,中国电建,tushare_index_weight_000300.SH_20260630,20260630,2026-07-28T19:40:14+08:00
601688,601688.SH,华泰证券,tushare_index_weight_000300.SH_20260630,20260630,2026-07-28T19:40:14+08:00
601689,601689.SH,拓普集团,tushare_index_weight_000300.SH_20260630,20260630,2026-07-28T19:40:14+08:00
601698,601698.SH,中国卫通,tushare_index_weight_000300.SH_20260630,20260630,2026-07-28T19:40:14+08:00
601727,601727.SH,上海电气,tushare_index_weight_000300.SH_20260630,20260630,2026-07-28T19:40:14+08:00
601728,601728.SH,中国电信,tushare_index_weight_000300.SH_20260630,20260630,2026-07-28T19:40:14+08:00
601766,601766.SH,中国中车,tushare_index_weight_000300.SH_20260630,20260630,2026-07-28T19:40:14+08:00
601788,601788.SH,光大证券,tushare_index_weight_000300.SH_20260630,20260630,2026-07-28T19:40:14+08:00
601800,601800.SH,中国交建,tushare_index_weight_000300.SH_20260630,20260630,2026-07-28T19:40:14+08:00
601816,601816.SH,京沪高铁,tushare_index_weight_000300.SH_20260630,20260630,2026-07-28T19:40:14+08:00
601818,601818.SH,光大银行,tushare_index_weight_000300.SH_20260630,20260630,2026-07-28T19:40:14+08:00
601825,601825.SH,沪农商行,tushare_index_weight_000300.SH_20260630,20260630,2026-07-28T19:40:14+08:00
601838,601838.SH,成都银行,tushare_index_weight_000300.SH_20260630,20260630,2026-07-28T19:40:14+08:00
601857,601857.SH,中国石油,tushare_index_weight_000300.SH_20260630,20260630,2026-07-28T19:40:14+08:00
601868,601868.SH,中国能建,tushare_index_weight_000300.SH_20260630,20260630,2026-07-28T19:40:14+08:00
601872,601872.SH,招商轮船,tushare_index_weight_000300.SH_20260630,20260630,2026-07-28T19:40:14+08:00
601877,601877.SH,正泰电器,tushare_index_weight_000300.SH_20260630,20260630,2026-07-28T19:40:14+08:00
601878,601878.SH,浙商证券,tushare_index_weight_000300.SH_20260630,20260630,2026-07-28T19:40:14+08:00
601881,601881.SH,中国银河,tushare_index_weight_000300.SH_20260630,20260630,2026-07-28T19:40:14+08:00
601888,601888.SH,中国中免,tushare_index_weight_000300.SH_20260630,20260630,2026-07-28T19:40:14+08:00
601898,601898.SH,中煤能源,tushare_index_weight_000300.SH_20260630,20260630,2026-07-28T19:40:14+08:00
601899,601899.SH,紫金矿业,tushare_index_weight_000300.SH_20260630,20260630,2026-07-28T19:40:14+08:00
601901,601901.SH,方正证券,tushare_index_weight_000300.SH_20260630,20260630,2026-07-28T19:40:14+08:00
601916,601916.SH,浙商银行,tushare_index_weight_000300.SH_20260630,20260630,2026-07-28T19:40:14+08:00
601919,601919.SH,中远海控,tushare_index_weight_000300.SH_20260630,20260630,2026-07-28T19:40:14+08:00
601939,601939.SH,建设银行,tushare_index_weight_000300.SH_20260630,20260630,2026-07-28T19:40:14+08:00
601985,601985.SH,中国核电,tushare_index_weight_000300.SH_20260630,20260630,2026-07-28T19:40:14+08:00
601988,601988.SH,中国银行,tushare_index_weight_000300.SH_20260630,20260630,2026-07-28T19:40:14+08:00
601995,601995.SH,中金公司,tushare_index_weight_000300.SH_20260630,20260630,2026-07-28T19:40:14+08:00
601998,601998.SH,中信银行,tushare_index_weight_000300.SH_20260630,20260630,2026-07-28T19:40:14+08:00
603019,603019.SH,中科曙光,tushare_index_weight_000300.SH_20260630,20260630,2026-07-28T19:40:14+08:00
603259,603259.SH,药明康德,tushare_index_weight_000300.SH_20260630,20260630,2026-07-28T19:40:14+08:00
603260,603260.SH,合盛硅业,tushare_index_weight_000300.SH_20260630,20260630,2026-07-28T19:40:14+08:00
603288,603288.SH,海天味业,tushare_index_weight_000300.SH_20260630,20260630,2026-07-28T19:40:14+08:00
603296,603296.SH,华勤技术,tushare_index_weight_000300.SH_20260630,20260630,2026-07-28T19:40:14+08:00
603369,603369.SH,今世缘,tushare_index_weight_000300.SH_20260630,20260630,2026-07-28T19:40:14+08:00
603392,603392.SH,万泰生物,tushare_index_weight_000300.SH_20260630,20260630,2026-07-28T19:40:14+08:00
603501,603501.SH,豪威集团,tushare_index_weight_000300.SH_20260630,20260630,2026-07-28T19:40:14+08:00
603799,603799.SH,华友钴业,tushare_index_weight_000300.SH_20260630,20260630,2026-07-28T19:40:14+08:00
603893,603893.SH,瑞芯微,tushare_index_weight_000300.SH_20260630,20260630,2026-07-28T19:40:14+08:00
603986,603986.SH,兆易创新,tushare_index_weight_000300.SH_20260630,20260630,2026-07-28T19:40:14+08:00
603993,603993.SH,洛阳钼业,tushare_index_weight_000300.SH_20260630,20260630,2026-07-28T19:40:14+08:00
605117,605117.SH,德业股份,tushare_index_weight_000300.SH_20260630,20260630,2026-07-28T19:40:14+08:00
605499,605499.SH,东鹏饮料,tushare_index_weight_000300.SH_20260630,20260630,2026-07-28T19:40:14+08:00
688008,688008.SH,澜起科技,tushare_index_weight_000300.SH_20260630,20260630,2026-07-28T19:40:14+08:00
688009,688009.SH,中国通号,tushare_index_weight_000300.SH_20260630,20260630,2026-07-28T19:40:14+08:00
688012,688012.SH,中微公司,tushare_index_weight_000300.SH_20260630,20260630,2026-07-28T19:40:14+08:00
688036,688036.SH,传音控股,tushare_index_weight_000300.SH_20260630,20260630,2026-07-28T19:40:14+08:00
688041,688041.SH,海光信息,tushare_index_weight_000300.SH_20260630,20260630,2026-07-28T19:40:14+08:00
688047,688047.SH,龙芯中科,tushare_index_weight_000300.SH_20260630,20260630,2026-07-28T19:40:14+08:00
688072,688072.SH,拓荆科技,tushare_index_weight_000300.SH_20260630,20260630,2026-07-28T19:40:14+08:00
688082,688082.SH,盛美上海,tushare_index_weight_000300.SH_20260630,20260630,2026-07-28T19:40:14+08:00
688111,688111.SH,金山办公,tushare_index_weight_000300.SH_20260630,20260630,2026-07-28T19:40:14+08:00
688126,688126.SH,沪硅产业,tushare_index_weight_000300.SH_20260630,20260630,2026-07-28T19:40:14+08:00
688183,688183.SH,生益电子,tushare_index_weight_000300.SH_20260630,20260630,2026-07-28T19:40:14+08:00
688223,688223.SH,晶科能源,tushare_index_weight_000300.SH_20260630,20260630,2026-07-28T19:40:14+08:00
688256,688256.SH,寒武纪,tushare_index_weight_000300.SH_20260630,20260630,2026-07-28T19:40:14+08:00
688271,688271.SH,联影医疗,tushare_index_weight_000300.SH_20260630,20260630,2026-07-28T19:40:14+08:00
688303,688303.SH,大全能源,tushare_index_weight_000300.SH_20260630,20260630,2026-07-28T19:40:14+08:00
688396,688396.SH,华润微,tushare_index_weight_000300.SH_20260630,20260630,2026-07-28T19:40:14+08:00
688472,688472.SH,阿特斯,tushare_index_weight_000300.SH_20260630,20260630,2026-07-28T19:40:14+08:00
688506,688506.SH,百利天恒,tushare_index_weight_000300.SH_20260630,20260630,2026-07-28T19:40:14+08:00
688521,688521.SH,芯原股份,tushare_index_weight_000300.SH_20260630,20260630,2026-07-28T19:40:14+08:00
688981,688981.SH,中芯国际,tushare_index_weight_000300.SH_20260630,20260630,2026-07-28T19:40:14+08:00
